id,full_name,email,country,created_at
95e49e47-45bf-49dc-94d4-63f52fe96cd3,Ian Walker,paulwilliams@example.net,Northern Mariana Islands,2024-12-12 16:00:18
26927f02-f115-4240-9637-a89866d81032,Tiffany Raymond,brian74@example.net,Antarctica (the territory South of 60 deg S),2025-09-02 13:10:29
f3a06723-fee3-47ef-b25c-fa53eb29f021,Kyle Reynolds,parkdustin@example.org,Timor-Leste,2025-05-15 18:06:30
7fa0f8ab-2e50-47f2-873a-97cecc4db77d,Shelly Parker,jharris@example.org,Iraq,2025-12-11 10:38:35
b4d105cd-e3dc-4da5-bf5f-559ca69fa96f,Lisa Taylor,robinpennington@example.org,United States Virgin Islands,2025-09-17 12:30:16
361aacae-5b98-4e90-bf10-e50df71ddc70,Trevor Jimenez,westcynthia@example.net,Belarus,2024-07-15 20:19:30
b3ff639b-13f6-4a24-9f83-b14aa574e624,Mary Daniels MD,ygardner@example.net,Romania,2024-06-19 19:25:36
26c5f163-5638-4370-80bd-b472b4e900e0,Taylor Ramos,frussell@example.com,Belarus,2026-03-22 11:27:09
8f8e2224-f902-4d86-9e6b-1e0f1df06439,Tracy Harris,yberry@example.org,Senegal,2025-10-15 23:17:06
6657a82d-8280-40de-8c15-076697dc3c67,Sheryl Lewis,stevensonallen@example.org,Western Sahara,2024-08-10 15:39:19
f708fe82-9590-4f47-a8cb-aea0e0915548,Timothy Warren,jeanne97@example.org,Turkmenistan,2025-02-12 23:06:24
329339ea-df3a-4f1d-8ae9-153cb48a1ffe,Dr. Patrick Wang,heathermontgomery@example.com,Panama,2025-05-20 00:32:23
6b613d7c-c308-4c5d-b998-c5d2ce2f1493,Andre Harris,xalvarado@example.net,Cuba,2024-09-16 05:39:16
dfdbf1e5-8252-4042-b90d-e12d646140a8,Chelsea Obrien,dhowell@example.com,Bahamas,2024-10-08 09:07:57
bba97f9b-ffce-422e-a3ae-36272e012aab,Jeremy Brown,pruittkevin@example.net,Suriname,2025-11-11 06:02:12
1d61b977-898a-4056-9b97-d74b6252a043,Samantha Hill,alexisnorris@example.com,Greenland,2025-05-18 07:11:26
d8500bbe-bc1e-49ac-94c3-34505a861647,Geoffrey Perry,sara37@example.net,Italy,2025-07-09 04:30:09
83452404-f4ca-42fa-af69-43923b27d8cb,Bradley Rios,victoriastrong@example.com,Liberia,2025-09-30 01:42:24
3dcf4395-2008-4748-ba8b-ffe346ccba9a,Wendy Johnston,tanner28@example.net,Maldives,2025-09-24 03:22:24
1acfea2b-35fa-403b-8059-b9e424c2a330,Nathan Gonzalez,shannon23@example.net,Cape Verde,2025-07-09 03:18:52
a848072c-9abd-40e9-b6da-9fed56e0f75a,Alexander Carson,amber74@example.org,Dominica,2024-10-24 20:41:24
82537e42-5a5c-44ca-90e6-132e2a92e2c9,Sean Brooks,nford@example.net,Malaysia,2025-07-27 10:00:20
5fc51af3-7733-4a13-b73e-ce283e5703a6,Paul Hunter,hannah81@example.net,Armenia,2025-11-30 08:27:12
fda79ac1-7ece-435a-a1ab-f22f48bca49b,Erin Mcdonald,goodbrittney@example.net,Netherlands Antilles,2025-11-28 08:02:53
5a0ff136-1f12-43b3-b99d-3026bf21ce39,Maria Ross,eguzman@example.net,Bangladesh,2026-04-17 01:52:08
783c9da5-096c-4cf4-a932-afb1eaa78fe3,Patrick Barr,adamowen@example.org,North Macedonia,2025-04-01 05:22:28
885cea19-0ca2-4fa5-9569-37cfff46ebcb,Angela Smith,ghart@example.com,Slovenia,2024-11-17 22:26:46
6ba54bea-556b-4c72-aa63-bf865a14aa0f,Jordan Ballard,ngarza@example.org,Armenia,2026-05-10 13:48:50
0a4268d2-086e-4b23-9711-d2ed2122ee41,Carol Holloway,zgillespie@example.org,South Georgia and the South Sandwich Islands,2026-03-17 00:16:09
b338fbb2-1cca-48d7-9e1d-bfcf754ad48d,Sarah Reyes,ljones@example.net,Bolivia,2025-09-11 14:53:37
ce01cb0a-8980-4d1d-9a00-294487ca08da,Michael Stevens,christopher29@example.org,Iran,2024-07-21 17:07:45
d8965cb2-1296-465a-b524-3b0c413ec575,Brandon Smith,strongsarah@example.com,Namibia,2025-06-29 04:39:59
11da9dd9-1d3f-462b-8eaf-b3abf9769ad3,John Terry,deleonamber@example.org,Poland,2025-03-27 08:07:06
365f6930-b345-4d02-bc52-4b6e11ef7312,Erin Hensley,luismack@example.net,Andorra,2025-12-19 07:33:50
c5e1b38e-6f34-4d30-99ed-21b9bc8b4a9f,Sharon Morgan,linda39@example.net,Netherlands Antilles,2025-11-05 12:59:47
ca0fb06f-a162-44aa-a765-8d47c9761990,Brett Fox,uhall@example.com,Liechtenstein,2024-08-05 18:35:07
2cefc8dd-03c8-4684-b16a-5c3f63bff381,Erin Rivera,xsimmons@example.com,South Africa,2026-02-25 07:48:19
5ef2d0f3-8ff7-4dfb-8858-9822a4fe88fa,James Francis,vwright@example.org,South Georgia and the South Sandwich Islands,2025-08-04 01:47:34
cd3d9f72-0263-48ea-97ce-d3085f0cdc09,Jeffrey Williams,raymichael@example.com,Equatorial Guinea,2026-03-11 11:42:30
b275c489-631d-46df-b104-e178a9300eea,Christopher Hill,melendezbryan@example.net,Holy See (Vatican City State),2025-08-11 02:33:31
771be728-7fb5-4ad9-ac7b-6279ac0b66f5,Kim Buck,clewis@example.com,Tuvalu,2024-07-28 02:15:35
818e4d31-9049-42d3-9f91-fc445373af44,Hannah Perry,rodriguezkelly@example.net,Sudan,2025-10-26 01:10:02
cb09b252-0d25-4cc0-94cf-62108cf19261,Dakota Carlson,matthew25@example.com,Bhutan,2026-04-01 22:59:58
4a4a2a14-b214-4603-b089-a14d1f39420e,Andrew Mathis,hardingtanya@example.org,Senegal,2026-03-02 09:40:59
5ae1258d-393c-4a2e-b3a6-9a40825dab96,Alexander Watson,nicolerogers@example.org,United States of America,2026-01-12 04:09:24
abab36db-627b-4ad8-a94f-1af5e2d69b96,Rachel Weiss,harrisonmichelle@example.net,Azerbaijan,2025-03-31 00:48:24
d4e58913-62cd-4991-90ef-a81780af8383,Christopher Smith,hcampbell@example.com,Bulgaria,2025-09-14 04:46:38
62cb20c2-59dd-4975-a7de-9e54518a917d,Nicole Martinez,smithrachel@example.com,Suriname,2025-03-23 05:59:32
6ceb55d4-f43c-480e-986f-ef50ffecf759,Andrea Juarez MD,josephfriedman@example.org,Cayman Islands,2025-02-01 02:41:13
c2b27881-9cd7-45e3-af72-92a18be1887d,Mark Young,ralph85@example.org,Jordan,2025-02-17 02:56:49
1f7ad0f8-17fa-4f13-8374-070f50ee664c,John Hamilton,znunez@example.com,Turkmenistan,2024-09-20 04:50:58
919c01ea-341e-4b3a-ba73-346d850f0b2d,Kendra Wilson,gregory55@example.net,Lithuania,2024-05-19 19:19:48
440bc0fb-bfa9-4be6-b52e-8d5244e9f723,Tracy Mcguire,anthonyjones@example.org,Guernsey,2024-06-23 03:54:13
2504796d-7273-4bf7-b2cd-70a8bf55aa44,Michael Mcclure,griffithelizabeth@example.org,Sri Lanka,2024-12-11 20:47:54
21892ad5-51f1-4527-82a1-63cb8bebf4a3,Nancy Wright,hawkinsemily@example.com,Grenada,2025-09-01 23:47:43
0b130ab2-89e7-46b7-8cdb-ba5ed82237bc,Joseph Wallace,kevinkent@example.net,Netherlands,2024-07-29 06:46:00
e6f5b6fc-76b3-4ed1-bb98-e5b0adb122e2,Mark Simmons,john37@example.com,India,2025-09-25 14:12:21
2c737118-5286-4d0e-b39b-f144526972b6,Gerald Singleton,williamnichols@example.org,Wallis and Futuna,2024-10-10 18:22:26
f126d38a-da22-498d-9a66-3cf2d4353be5,Dana Ortiz,juanscott@example.net,Trinidad and Tobago,2025-03-01 23:00:34
65979998-8145-4c76-82e3-2c60821e2d92,Charles Trevino,hstokes@example.org,Nicaragua,2024-10-12 09:00:39
a94fea24-01ae-4355-bebe-532b84634b17,Ronald Chavez,davisnicholas@example.org,Central African Republic,2025-12-28 17:36:14
28c39d3d-f5d1-4bef-83b0-e0e73300329a,Andrea Christensen,corteznatalie@example.org,Russian Federation,2025-05-13 20:22:13
afea1cd0-80f5-45fe-9d31-a0d4bcc3d4c3,Thomas Morgan,scooper@example.com,Macao,2025-07-13 17:07:31
6f24c4ee-c3bb-48e0-86c1-c31735a6d47a,Jessica Brown,kharrison@example.org,Canada,2024-08-12 11:25:06
581687e1-fc55-42f1-8cd3-93ec0f1c52ea,Anthony Mcgrath,randymiller@example.com,Portugal,2025-04-24 12:46:54
18d9951b-900a-40b8-a644-df7966e0dad5,Frank Johnson,dennis92@example.net,Togo,2025-03-18 01:47:04
7ea08af3-6df0-4e29-9ba1-adb2647cec19,Randy Peterson,timothylopez@example.org,Equatorial Guinea,2025-07-20 08:28:31
e96a124d-b36f-441c-9315-a91e065376b2,Denise Martinez,andersenmichael@example.com,Anguilla,2024-07-24 06:41:11
52a466a5-62ac-4022-acf1-f18ad2abe977,Stanley Malone,austin32@example.com,Iran,2025-11-26 19:59:14
f8f037f8-1284-431f-a0c7-579bf21208a0,Bryan Daniels,zhart@example.net,Czech Republic,2025-07-16 23:24:01
aeb288a0-040c-4d7c-83b6-411b6e9cb945,Sheila Bautista,mmitchell@example.com,New Caledonia,2025-11-18 00:28:46
015d5e83-f067-4a99-8aeb-848814443126,Timothy Reyes,sarahsmith@example.net,Ghana,2026-04-13 08:44:20
87ac35b9-8c61-44f3-960f-34c031e3b946,Scott Cobb,rebecca71@example.org,Netherlands Antilles,2025-02-24 00:19:54
f8ff5d21-95e8-44f3-a77f-a4f305c562cb,Yolanda Garrison,tammyhenson@example.net,El Salvador,2026-04-20 20:10:59
bde74ebe-ff54-444e-abb0-9be55f4028b3,Jorge Allen,rhondajohnson@example.org,Afghanistan,2025-09-06 18:15:39
f10e5648-2960-4d4c-a0a8-173efea36d19,Jasmine Brown,clintonhaney@example.com,Canada,2025-09-05 06:42:09
a7045bc8-457b-4485-86f2-4608ddc23c81,Jennifer Hunter,zacharybaker@example.net,Djibouti,2025-02-14 16:03:46
61294c6c-f37b-4309-81c6-27dc26afa48e,Parker Whitaker,michael90@example.org,Christmas Island,2025-10-21 21:55:57
37a2db07-895c-4899-b5d5-ecc69f67da51,Laura Morgan,mcintoshjennifer@example.org,Chad,2024-05-16 23:52:47
c9efcf40-3e1d-41e8-9e90-4122db77c942,Janet Webb,hutchinsonsheryl@example.com,Mauritania,2024-05-14 06:57:20
35902788-3e25-48c7-a96a-1d5f3796b1e0,Jose Terry,caseyarellano@example.net,Dominican Republic,2026-03-21 10:32:42
6c1b9722-7ea0-43f4-92ac-5c68da8ac263,Jennifer Lopez,alexagomez@example.net,Australia,2025-08-03 15:44:23
99dcc5d5-31d6-4391-a2ac-cef9e6237524,Jessica Smith,michelemurphy@example.com,Lithuania,2024-12-27 07:58:02
5eb5a6d1-150f-4c56-bf7f-e9d8eb2a6af4,Dana Cardenas,karenblackburn@example.org,New Caledonia,2026-04-09 14:14:01
ae2ffa70-d3d1-4146-b47b-8f5409d84656,David Crawford,lewislogan@example.org,Georgia,2025-06-09 22:24:49
a946185c-6a96-4ce6-a166-d88e18f6b990,Susan Warren,brownvalerie@example.net,Lithuania,2025-03-17 05:40:05
387c1050-5e1c-46c3-9ebd-8ff1102581f1,Christopher Rodriguez,steven76@example.org,Macao,2024-06-04 00:44:41
138a474d-a345-407e-8b26-2976775a7716,Seth Gomez,richard51@example.org,Colombia,2025-09-20 06:05:12
8f930e01-2abd-4086-afa1-53a54afc6ad7,Jennifer Allen,ylee@example.net,Tuvalu,2024-08-10 17:48:00
cf81a6f6-294f-4ac4-880f-ddb04a14fba4,Kyle Li,bharris@example.net,Bosnia and Herzegovina,2025-06-06 18:43:12
61866983-e74a-4059-9f15-7a63c6be6bd3,Jennifer Maynard,sheryl11@example.com,Malaysia,2026-04-26 03:46:28
ad6e539d-ede4-4af4-bae2-2a11b5fd6ed6,Denise Smith,kbennett@example.net,Malaysia,2025-02-19 09:40:27
3f24ca82-1ef4-4ce0-a551-cc12007d5ebc,Kenneth Alvarado,vgross@example.org,Rwanda,2024-06-30 15:02:28
d699a43f-3cfe-427a-aa3b-8ba825fc952f,Claire Thompson,millerkevin@example.com,Zimbabwe,2024-05-25 03:17:32
7cebe1c9-352e-4985-87fa-84b995ed04fe,Doris Munoz,sanderselizabeth@example.com,Azerbaijan,2025-09-25 23:54:22
edec41d8-162b-4dc0-b3b5-f06148a0b87a,Derek Velasquez,fbailey@example.org,Luxembourg,2024-06-30 16:43:52
dfd9672c-8ea0-47c3-bcfd-b526679b682b,Brittany Frazier,brian40@example.com,Maldives,2024-07-30 03:00:48
c8ab939b-96a1-4d1c-9c9c-9b379705e32c,James Davila,brittneynash@example.com,Philippines,2025-01-14 05:06:24
ba262ef5-614a-4c77-8d27-4e208624960e,Sheila Chapman,jennifergreen@example.net,Martinique,2025-07-09 01:13:02
dc4d41ee-2a93-47d3-b8a6-ed20135d7e3c,Brooke Cooper,susanbriggs@example.net,Kiribati,2025-03-21 23:25:00
2e123f75-693a-4f89-9c38-43aafa60f47b,Mark Lopez,castillobrian@example.net,Nauru,2026-03-16 22:24:30
a6786405-b058-435f-915c-1eefc1aee25d,Roy Wall,owhitney@example.net,Norway,2024-10-09 21:19:15
6f083cd5-acce-4d58-8cca-0e9b19df702b,David Manning,danieljohnson@example.com,United Arab Emirates,2024-06-10 18:41:41
1372501a-c06c-4f14-ac17-6d006e685b0e,Ryan Hansen,fedwards@example.org,Ireland,2025-10-02 09:31:21
bfd4a6ab-7312-421b-87e2-3010ea8b779d,Emily Fields,carpentertheresa@example.org,Cape Verde,2026-03-23 13:53:36
549c3580-ef15-4538-901e-942e9b21f59d,Robert George,thomasrogers@example.com,Cocos (Keeling) Islands,2025-09-01 07:13:21
4a53222b-bc46-4783-8604-78af384b69ab,Gail Santos,mcook@example.com,Australia,2024-07-26 11:35:46
2a4a7e8b-0d31-4f03-affc-e4fce2c661f5,Cory Byrd,justin16@example.com,Uzbekistan,2026-03-19 23:31:06
f6e3e58a-3875-4835-82ba-9457bd092f36,Virginia Pace,zmitchell@example.com,Bahrain,2025-03-17 12:20:39
b9cbe5af-10bc-44ba-a3b1-181d62b12547,Valerie Wiley,nunezbridget@example.org,Brazil,2025-11-04 10:55:07
a255cc8a-f619-4a74-a607-ab64fd755df8,Patricia Stein,christinethomas@example.net,United Arab Emirates,2026-03-20 08:26:58
349d4255-4926-46cb-84d0-d117e845622e,Patricia Reyes,framirez@example.org,Malta,2025-05-01 03:11:15
04e0dd6e-0aac-4316-ab0c-8700a303b491,Sherry Clark,montgomerygabriel@example.net,Afghanistan,2025-11-21 14:40:38
8c05250d-5e13-4fab-b8b5-6cc6afb91a64,Javier Hill,morrisonjeffrey@example.org,Libyan Arab Jamahiriya,2024-08-12 02:02:19
e0a5aa5b-4c54-4de9-8ba1-fbffee815ba4,Angela Carlson,walkerjacob@example.org,Japan,2024-10-30 11:04:58
21acd8d9-db84-4047-b2b2-dc6b9921c151,Kimberly Garza,ksmith@example.com,Tuvalu,2024-12-31 13:05:40
f27658fa-f264-4a6b-887d-c03e9abdcf27,April Morgan,fpace@example.org,Rwanda,2024-10-17 07:24:43
3f59ff63-f688-416c-b7f9-b5355a2e07a9,John Beck,bryce99@example.org,Sierra Leone,2025-03-06 18:18:25
a601c929-6133-4f92-a5b6-0f4b5cc7d716,Jennifer Spencer,gcraig@example.net,Slovakia (Slovak Republic),2025-05-25 05:43:12
6ae7dde8-1a05-4220-9583-ab90bf023f23,Amanda Morrison,torresdavid@example.org,France,2024-08-01 05:02:06
c24708eb-3d95-4861-a95e-f4400f384161,Vicki Williams,james53@example.net,Chad,2025-04-23 04:15:40
c62dbed2-b760-4aa7-b754-819e0d237a34,Marvin Porter,kiddsara@example.net,Tunisia,2024-12-31 20:59:03
c2097ae8-8917-49ec-ad5c-61ffb035213c,Stacy Cantrell,bentleyjessica@example.org,Falkland Islands (Malvinas),2024-12-07 06:28:32
03bdae78-0cf6-4afc-abd7-6cfc79ee8ece,Kelly Leblanc,stevensmary@example.com,Zimbabwe,2025-05-16 13:28:19
f4c3c008-2487-4447-8270-db96d23cc341,Anne Ewing,smithkenneth@example.com,Haiti,2026-05-04 05:49:56
0a7658a0-8399-4b3a-b4da-380dfb8aa22a,Nicole Reilly,fcox@example.org,Fiji,2025-08-26 05:43:22
623dc013-bd17-47d0-bd39-b4f3787dabfc,Jennifer Wilson,lorilong@example.net,Hungary,2025-09-26 13:09:59
d9dda5be-977b-4675-b182-4a7b73cd3285,Jennifer Reyes,watersjessica@example.net,Lebanon,2024-11-10 07:09:30
c95f0b20-1f46-482c-b1ac-5255ca7721a5,Julie Crawford,ashley92@example.com,Falkland Islands (Malvinas),2024-08-05 09:24:27
28eb977d-181d-4ae3-aa9c-f05dbb6daffb,Kelly Lopez,adamsnancy@example.org,French Southern Territories,2026-04-14 20:55:54
def5ffbb-3c39-4baf-b8c4-eca54d81619c,John Church,omartinez@example.org,Vanuatu,2024-11-25 18:08:06
4e61c126-a68a-4c18-80e1-792a269c483e,Mikayla Schneider,annagalvan@example.net,Benin,2025-11-22 17:27:53
719a4a9d-df4b-4402-9fe3-c3dd638362e5,Jessica Cantu,christian48@example.com,French Southern Territories,2025-01-08 01:03:10
e1bc1a6a-e9e5-4776-b878-202264c45852,Margaret Johnson,gonzaleztroy@example.com,New Caledonia,2024-10-03 21:17:17
96f7cd4e-64f1-4723-9db4-250299aa2ef9,Laura Krueger,mike72@example.org,Saint Martin,2025-01-27 22:52:03
1c7b7c5e-6a5e-465c-9a6f-2af716da8c0b,Angie West,griffinmindy@example.com,Saint Martin,2024-07-29 19:33:22
0581b830-d6db-4e35-95df-27f0509d970e,Timothy Johnson,tarabeasley@example.org,Saint Lucia,2025-02-01 15:35:47
0e38f66a-77a2-413e-8280-7f79db129143,Eddie Garcia,joyce24@example.org,Iran,2024-07-15 09:19:40
2a8e2faf-69bc-4c66-8650-6bdef34e7623,Christina Molina,wpatel@example.org,Comoros,2025-07-09 21:39:13
0e16f6f3-e2f6-436d-ad8d-98f47d09e10f,Michael Anderson,zhopkins@example.com,Guinea-Bissau,2024-08-18 23:52:11
de18235c-0e8f-4596-924b-9cf21e6c6638,Bobby Lane,jroberts@example.com,Germany,2024-11-09 05:01:59
7362a7a8-538e-4e0a-b49d-7977f0c8bb96,Gordon Davis,rittertaylor@example.com,Pitcairn Islands,2025-06-16 11:05:33
c65db671-3738-42e7-93c3-c61cd1bc1b96,Tiffany Johns,justinjohnson@example.net,Georgia,2024-06-30 04:11:22
634792e5-9fbb-4ffe-a096-8c1b8bca79c9,Ashley Bullock,smithdiane@example.net,Barbados,2025-01-17 09:59:02
21750342-75b3-4ccc-a3a2-b8ae51ea06a5,Gina Diaz,krussell@example.net,Tokelau,2025-06-23 15:08:18
7c6d2036-6d99-42b2-a4ef-74b08298a1ba,Damon Morrison,cartertrevor@example.com,Slovenia,2024-07-16 04:50:50
51cef4c3-d902-44d7-b81e-7aa8548bb6a4,Logan Morgan,ojones@example.com,Jordan,2026-01-07 05:42:17
a388f7f9-3276-4211-9b66-77bae61576f3,Kristina Thomas,qlucas@example.net,Saudi Arabia,2024-07-26 09:49:53
600dc256-a851-4ff3-82f7-9f481df4421a,Michael Berry,beckheidi@example.org,Guernsey,2026-02-09 15:37:55
c4922d6a-2505-4cfc-bfc3-d8992814205f,Christopher Barker,lisa82@example.net,Guinea-Bissau,2025-06-28 13:46:36
a1c90c9f-f5d1-4753-8a26-2305ade0122b,Joe Morgan,uclark@example.net,Congo,2025-09-10 08:26:30
f0378d35-1a65-452e-b823-5b4080132490,Pamela Sanchez,crystal87@example.com,Kiribati,2025-07-22 08:45:58
55af6d43-c8a2-4a5c-b315-efcd1b0bf51e,Mario Kim,matthew19@example.com,Russian Federation,2024-11-16 12:01:41
69c324b0-0716-4171-9b6b-e20dc3182313,Meghan West,oliverkayla@example.net,Ecuador,2026-01-22 18:24:37
f9e2fd38-eadf-4a06-8c5f-8b1ad7a8fef4,Jamie Rojas,briannawright@example.com,Eritrea,2024-10-25 01:54:50
68e668ea-0cf2-4cd9-b995-ce74fb8b16f8,Sarah Tran,stephen80@example.com,Equatorial Guinea,2026-05-03 15:52:55
3943d8fb-8765-4a09-9066-0340f4be7477,Annette James,troy11@example.com,Cambodia,2025-12-23 23:14:57
a8c450e8-9cb7-4535-bb59-ea5cf7f9446d,Zachary Estes,todd46@example.org,Saint Martin,2024-12-01 05:51:59
f3a28b57-9d6d-45f8-807e-659329b23ab3,Stephanie Barnett,nicholas81@example.com,Botswana,2025-03-22 09:44:57
575f9eb1-b942-48e7-9171-4a3110723652,Donna Simon,petersenadam@example.org,Panama,2025-04-14 05:54:24
125e4f97-ba02-4365-8ba3-953e1bfe6c81,Hannah Anderson,ybanks@example.org,Croatia,2024-08-23 12:09:30
c8e664f0-ad64-46dc-ab41-6a8ed7d8f8ac,Matthew Sanchez,solomonkyle@example.net,Saint Barthelemy,2025-10-22 12:20:44
3add53e4-762e-4346-b36f-3afc89092674,William Smith,shunter@example.com,Micronesia,2024-07-24 07:40:27
72dc2229-baa2-4560-a464-6afe9afaa33f,David Potter,yallen@example.com,Swaziland,2024-09-04 10:47:35
2c3b689a-36b5-442f-9fd7-17720d2c9f27,Eric Allen,qmoore@example.com,Nigeria,2025-11-14 08:25:33
951ba85a-8ea2-44ee-ad49-0dc52232339e,Shawn Rivera,moorejoshua@example.com,Zambia,2025-05-12 14:53:11
22c231e5-6349-4fbe-a6fc-b41be999a0cc,Gerald Spence,plowe@example.org,Peru,2025-04-26 16:33:10
6da1d2b7-95ca-4046-b5b7-a64f6f233852,Lisa Hunt,tinasmith@example.com,Korea,2025-02-17 13:03:11
f7071a67-6ef1-40c2-b9f8-714265e96242,Jessica Robertson,geoffreyleon@example.org,United States Virgin Islands,2024-05-26 09:36:14
5aff54c2-480e-44b1-909e-1c1bc513307b,Gary Morrow,lori91@example.com,Croatia,2025-06-15 06:59:34
eaa35dc9-c9b6-408c-be74-f0d84516fd8e,Kathleen Cowan,moyerlindsey@example.org,Guam,2024-10-11 06:11:50
23989ba7-4435-40a3-9c44-8070bbeeb61b,Adam Brown,georgekaren@example.net,Zimbabwe,2025-02-21 19:08:56
b1c6f25c-3d5a-471a-8885-70b95a40d619,Christina Johnson,meltonsteven@example.com,Israel,2024-12-21 08:43:06
aae3729d-dcfe-4f9c-bac4-f17512245f1b,April Hunter,sheila22@example.net,Montenegro,2025-06-22 05:08:35
1a703f23-2262-423b-a803-1c55ebe8e31e,Vanessa Davis,jennifer91@example.org,Turkmenistan,2024-10-31 07:39:45
7c4953e9-2af1-4d77-8f4f-76b40d16f2b0,Kathleen Hansen,aguilarhannah@example.org,Vanuatu,2025-03-16 11:28:55
ab4622a1-f575-46a6-8686-014dcd078fcd,Edward Zhang,floressteven@example.net,Congo,2026-01-19 18:58:38
e757ad6b-98d1-44e4-abba-d379bd72af84,Anna Casey,tiffany53@example.net,Benin,2024-05-29 10:38:29
ebb20aa3-1eca-4b15-b911-d1c9653acabd,Emily Lynch,sherryjones@example.net,Maldives,2024-09-13 17:08:12
e0eaa8e5-af79-4c49-b954-84e2c4fa9aee,Nicholas Peters,knightshannon@example.org,Monaco,2025-06-06 23:10:30
387c544e-3637-4f27-9978-b715fe0ac3b3,Sean Le,jerryraymond@example.net,Syrian Arab Republic,2024-11-09 17:43:55
897b0a35-69a5-4be3-bea3-ddc8f7a94500,Matthew Brown,josegonzalez@example.net,South Africa,2024-08-16 21:44:41
55aa3744-728d-49e0-9b6f-b5649acdd522,David Bonilla,xfox@example.com,Faroe Islands,2026-02-12 11:58:27
eb64abe4-512e-4f3a-a5c2-6c39a0c1c7db,Timothy Williams,maria76@example.org,Jordan,2025-09-26 16:56:34
bfdecfd2-ace2-4efc-9528-39255f26b910,Karen Flores,kevin09@example.com,Central African Republic,2024-09-20 14:04:16
85f3e4a4-043b-48f3-9291-51e78a46e752,Emily Chen,jamesburns@example.net,Luxembourg,2026-01-12 11:46:30
194637e9-6911-4507-83fd-c7ef2c32f119,Tina Williams,ashley17@example.com,South Georgia and the South Sandwich Islands,2026-04-11 19:56:43
a7c563ca-d95f-4c3a-8850-26be73cf3a63,Julie Scott,uprince@example.org,Macao,2025-03-03 01:42:45
55e84cf6-87b6-4e44-851f-b6a8e9f7aab9,Vanessa Wagner,hamptonmichael@example.org,Italy,2026-02-14 18:38:21
da41d0c8-470c-4e75-8828-5accfe7e0b02,Howard Molina,ubradford@example.net,Turkmenistan,2026-03-11 21:37:32
9b6c00d2-17da-428c-b2d2-149a60c32cbc,Michele Bennett,gillscott@example.net,Christmas Island,2024-05-23 16:18:16
dcae3964-b98b-49e6-8c92-78e451eb9f0c,Thomas Armstrong,trevorschneider@example.net,United Arab Emirates,2026-03-10 19:01:34
6acf87d3-a224-4d48-9126-d9a8b9e9b0c1,Matthew Anderson,johnlopez@example.com,Honduras,2025-03-12 00:38:39
0e200a8c-1d1f-4746-b912-3fa9336cccf9,Michael Gill,hollandbrian@example.net,Denmark,2024-10-31 19:31:01
64b0bc2b-13b4-41bd-822c-6e21e88558fa,Brittany Castillo,renee27@example.com,Sierra Leone,2024-08-24 22:53:03
3c3ad9b9-0510-4fbf-bb1e-251fb5ee8250,Melissa Martin,samuel16@example.org,Vietnam,2025-05-31 04:59:34
53084599-104a-4bdc-b7ed-dd91fe51b611,Austin Martinez,michael84@example.org,Costa Rica,2025-01-29 14:18:20
3ed575d7-1222-4528-805c-8dae9e96fa99,Kenneth Patterson,kendra27@example.net,Sri Lanka,2024-07-21 10:44:24
8bef99f8-110c-40a7-bae9-4b69835be742,Jeffery Mann,andersontara@example.org,Somalia,2024-09-20 19:51:26
4bc6510a-0a01-4129-bef3-c3f9c0f4034d,Taylor Miller,mcconnellelijah@example.com,Ireland,2025-03-07 12:22:21
73a57269-10ba-4aab-b953-801dc817f13d,Jaime Wall,cmartinez@example.net,Montenegro,2025-09-23 13:00:49
a2121baa-7284-4460-8d52-5f72f6c75d3b,Steven Stafford,ralphtaylor@example.net,Sierra Leone,2025-06-15 03:47:12
e3ee25f8-05eb-4e83-b03c-30f48227997d,Derrick Perkins,ericschultz@example.com,Burundi,2025-06-14 17:52:01
fc04138b-4247-446b-a221-902304785f03,Tammy Miller,jfernandez@example.com,Antigua and Barbuda,2025-08-02 23:00:56
93f22cb6-6bf5-4d77-8834-0461c21286cf,Michael Martinez,claire18@example.net,United States of America,2024-05-14 03:28:40
54aac4eb-3693-42b5-aef6-0cd684c10fb5,Robin Esparza,wbaker@example.net,United States Virgin Islands,2026-03-08 05:13:54
58ea59ae-8b6a-4a6b-9a40-a80d947e315f,Philip Wilson,lsosa@example.org,Panama,2024-05-18 22:06:37
1ca190ce-cf12-4c2a-8fa8-0bdc67196acd,Morgan Arellano,oross@example.org,Togo,2026-04-21 18:34:19
6831e5b7-6483-4546-b688-58c39f01e109,Jessica Perez,jonathan79@example.org,Kazakhstan,2025-05-23 17:26:29
6a001260-a6bc-4f0e-8e41-3258a7086269,Richard Shaffer,herringteresa@example.org,Benin,2025-12-30 21:48:11
23d1e669-40b5-4bc2-8335-027b2fbfa19a,Ashley Hamilton,lematthew@example.org,Jamaica,2025-11-05 08:39:32
271c4fdc-4ba4-4c03-8be5-60cb9813c6aa,Karen Barr,pauladavis@example.com,Rwanda,2024-06-02 16:46:48
f9ea4d85-4c59-46c5-a8d5-2a90d14a1b5b,Carly Wade,robertpeterson@example.org,Algeria,2025-06-29 06:29:07
79af4b86-6ef3-4331-8d9e-f1506c8a54e2,Erica Flores,robertsshane@example.net,Dominica,2025-09-04 10:22:52
7c8a6958-62da-4d11-89a1-d3972876bc30,Katherine Edwards,bwood@example.com,Chad,2024-09-23 21:14:57
d34e13f6-cb47-4337-8185-f888ef8f0b3c,Robert Brock,rsanders@example.org,Venezuela,2024-10-13 04:20:00
7742fe30-9954-4a0d-aab1-f91113b0a0f1,Melanie Cisneros,masseydavid@example.com,Central African Republic,2024-06-29 19:29:45
736d860d-143c-423f-878d-ed15fceed299,Michael Murphy,kelleybrian@example.net,Ireland,2024-08-16 23:11:08
f32f8c73-96b4-4441-bfc2-e7625bd4da60,Kimberly Franklin,johnstonmichael@example.net,Yemen,2024-09-02 22:03:05
b88719d2-3c35-4736-9c8b-62e07fbfcdec,Richard Moreno,bsanchez@example.com,Solomon Islands,2025-02-13 20:02:31
4fa6bf54-51be-4882-af6f-f7bff062fbdd,Matthew Mays,kathleen69@example.net,Saudi Arabia,2025-05-07 23:53:55
67c06a1b-a678-44cf-80e8-ef06a5520af6,Stephanie Rodriguez,mooretimothy@example.com,Uganda,2025-04-02 06:51:53
55c52443-f56c-43ee-b6bf-6626114ae42d,Gina Martinez,mnguyen@example.org,Senegal,2026-03-04 19:57:30
6b37f972-d6f0-4229-9c8b-5d63bd748397,Toni White MD,sethmoore@example.net,Jamaica,2025-02-10 05:55:08
5d83e37b-9a92-49de-b228-5d15b24d4848,Luis Jimenez,olsonmatthew@example.com,Grenada,2026-04-19 04:26:26
cd515539-ca6a-4a04-b3fa-579f38878ab9,Joann Cooke,dominic96@example.org,Chad,2026-03-27 17:12:23
afff1132-f5cb-480e-a651-b95395fb5998,Danielle Salazar,drosario@example.com,Bouvet Island (Bouvetoya),2025-01-26 08:27:25
5fbf923c-f185-4d9e-a9b7-20628312a481,Jeffrey Hines,alicia11@example.com,Senegal,2025-01-31 23:06:42
3e160d5b-94d8-43f8-ba50-17d07c92daf3,Julie Jones,brian02@example.org,Ethiopia,2026-04-22 00:54:02
4ccfc2ae-34db-48d3-b7b3-ad973dd6b4fe,Aaron Smith,cuevasshane@example.org,Switzerland,2025-11-02 22:05:39
101ff437-4e84-4537-bc5d-f76af7b7dd48,Shannon Wilkinson,smithmelanie@example.com,Ireland,2024-09-06 07:16:35
af5eec74-4bad-4324-9c1b-6dffc362c385,Daniel Smith,barberjoshua@example.com,Denmark,2025-03-25 20:00:05
676fbddd-7e6e-4758-9b7a-00833be994e9,John White,eric64@example.net,Antigua and Barbuda,2025-10-10 21:22:26
1ef4e69e-97ac-49a7-97ff-a00253575239,Julie Cervantes,kentjeffrey@example.net,Bahrain,2025-07-19 03:27:14
f4d50e77-f0f1-4919-8bae-a8ff223b6730,William Turner,jacob78@example.com,United Arab Emirates,2026-05-06 07:55:57
d632915a-b0b9-4292-bb60-bb3088f8ec02,Matthew Moore,chad66@example.net,Kazakhstan,2024-12-27 12:05:54
807f33cb-b39b-4230-a14b-3e56bff48f29,Natasha Allen,vstevens@example.com,Nauru,2026-03-28 01:51:58
ca6ed2c3-5f7d-418d-b84f-e6771b08bb49,Michelle Mcdonald,williamsearl@example.net,San Marino,2025-12-05 14:18:24
b7840761-be95-420d-bf24-7abc7b505f92,Courtney Mejia,stephen63@example.com,Holy See (Vatican City State),2025-07-22 05:11:43
ed146411-18cd-4493-8e34-7677809d4356,Nicole Thomas,jennifer26@example.com,Belgium,2024-11-11 05:34:21
d21af155-98b1-46e7-a0ba-5dda6d382705,Amanda Watson,vbrooks@example.com,Heard Island and McDonald Islands,2025-09-18 11:16:27
d17581e6-f987-45a0-872c-d8906585e7c8,Rebecca Summers,tinabarrera@example.com,Tanzania,2024-12-03 16:09:59
3db3e7c3-81f4-4ed2-80e3-c8bd7fdb8ad1,Thomas Galloway,lucasgarcia@example.org,Cape Verde,2025-07-12 12:10:32
56aec540-ae98-45b3-bb6f-17ff926e24a1,Jennifer Black,gbarnes@example.com,Cyprus,2024-09-06 11:11:59
32c04de6-3e4e-478e-be2e-1e10ea87d0a9,Joseph Wilson,macdonaldchristopher@example.com,Lao People's Democratic Republic,2024-08-08 22:28:14
d693134c-2087-4e1b-8966-21002454f214,Anna Snyder,bryantshannon@example.net,Iran,2024-05-30 10:13:32
b79a476d-d231-438c-8cab-d51521ea6360,Brandon Dalton,ghansen@example.org,Latvia,2025-05-23 18:33:46
436d86f2-5f49-45a7-b46e-492d9810c6ac,Logan Jones,idavis@example.com,Saint Kitts and Nevis,2025-05-29 07:56:27
929d2cea-7586-41ab-bc22-7d9fb39ca74c,Jacob Parker,gwright@example.net,Zimbabwe,2025-10-09 22:09:29
49d434bf-46b1-4c5a-a632-ed1b1a05f294,Brad Turner,downsjessica@example.net,Marshall Islands,2025-12-23 20:16:36
84e0e471-5480-4b81-94e4-31211e0dcb59,Christopher Perry,karenperez@example.com,Cote d'Ivoire,2025-08-12 04:00:49
0d8c2929-04f4-41c8-b1ed-ebf1e22e7763,Patricia Olson,cassandra64@example.net,Niger,2026-03-19 14:11:53
37454acc-43fb-435d-b55f-4909f1418a51,Anthony Grant,littledonald@example.org,Dominican Republic,2024-08-14 09:19:19
e762cd4f-3fb0-48ec-bb40-fe771110f124,Morgan Mills,lyoung@example.org,Guernsey,2024-11-01 03:38:07
14e4e5a9-a61e-466f-8823-3725a2c89f14,Alexander Taylor,ashley00@example.net,Iceland,2024-07-02 03:36:18
2171cfc3-f5c3-423b-b4ea-9face0c88f1d,Benjamin Davis,jstevens@example.net,Greece,2025-01-30 21:21:44
073b546f-b5a7-41c2-aca4-7b5a09c32da7,Jillian Guzman,ngibson@example.com,Colombia,2025-09-09 02:46:19
5777cc08-1286-4223-b15b-60f8f3f1fa14,Zoe Lewis,alejandrabarr@example.org,Micronesia,2025-06-21 19:30:26
3844d326-5af2-491c-9449-2f358585523b,Daniel Lewis,keithmartin@example.com,Montserrat,2024-07-24 01:01:15
0dce1bdf-e901-4f2d-ac6b-c59bae4b15f7,Brenda Davis,gibsonjessica@example.com,Cameroon,2025-08-03 12:24:35
2eec7414-a63a-48ee-9307-eaf3eb4bf78c,Monica Cooper,karen06@example.com,Senegal,2025-10-26 18:56:29
010ad80b-706b-4fb6-a267-07ad35da618d,Steven Smith,april19@example.org,Japan,2025-02-06 19:33:11
19c99356-0b33-4de1-a98d-caa7cb61ca18,Dawn Thompson,davisjulia@example.net,Western Sahara,2025-12-12 17:23:29
9263c86a-aef1-4944-a532-351b49c25fc4,Michael Mullins,andrew97@example.net,Montserrat,2025-12-17 12:52:13
b72c848d-d1ee-4d62-88b0-93b2665c28a4,Derek Pruitt,randywashington@example.net,Palestinian Territory,2026-04-21 18:28:41
653f838a-f823-4d3c-b60a-cd8a5aa35e23,Kevin Rhodes,shawcarrie@example.com,Slovakia (Slovak Republic),2024-08-23 18:21:40
880fab23-e014-4118-8870-35357dc4f98d,Martin Snyder,kelsey02@example.net,Sudan,2025-10-25 03:37:52
7e831cee-3aca-4680-b2dc-6663165757ee,Joseph Costa,franklin50@example.com,Estonia,2025-06-13 16:56:59
2b00cc89-0d79-499f-9411-eb4d79fe0be2,Victoria White,butlercasey@example.com,Macao,2025-11-22 05:05:44
f460862e-0542-47ea-b53e-afb140218637,Nicholas Smith,sharon90@example.net,Moldova,2026-04-28 16:56:39
0b8be4d4-edae-4a24-b0c3-044a6ac5c619,Joseph Hall DVM,john20@example.com,Saint Vincent and the Grenadines,2024-10-27 03:06:36
7e8388f1-a46b-47ca-9344-cf3f526e0340,Nicholas Lane,nicholepatterson@example.net,Gibraltar,2025-08-28 05:58:22
2e215d94-3d2e-4844-bbeb-b2d6c3c67972,Courtney Moore,xlittle@example.org,Cook Islands,2025-09-16 20:29:33
7848c739-489c-4f33-809d-99ecb02a0c7a,Randy Hardy,bradley40@example.com,Cuba,2026-04-11 14:30:32
cbe95a49-b0d7-43ce-9694-ae26acdf5c8a,Amy Hernandez,stephen42@example.org,Belgium,2025-01-12 03:37:21
aee045ac-16b7-4c33-b223-ee856ac301a5,Kayla Parsons,rodneymurillo@example.org,Guam,2025-06-05 11:04:28
6951b02d-0b50-401a-b5de-d4f728584ba6,Kimberly Price,glambert@example.net,Austria,2024-07-13 12:10:13
dc8f10f5-984a-428e-89c5-951c1059473d,Tina Simpson,joycesmith@example.com,New Zealand,2025-03-25 05:34:31
2796bd3f-23ca-433c-8541-700390cb4936,Brent Edwards,kponce@example.net,Grenada,2026-01-01 11:18:24
932777e2-1a67-4471-8fbf-9a581d1e8b81,Michelle Gill,kellymelissa@example.com,Reunion,2024-08-20 09:03:29
c405cfca-c041-41df-aad9-41aa6b15787f,Theresa Clark,kelly30@example.com,Turkmenistan,2025-02-08 20:55:13
bd647984-a571-471b-8588-2fe937d4f847,Roberto Cruz,wilsonjessica@example.org,Bahrain,2026-03-07 10:58:14
a72cefbd-7483-449f-8646-05e61e4b6e69,Martin Adams,fstone@example.com,Marshall Islands,2024-06-19 15:00:20
60cb651f-e288-4de6-b751-c1f3ea6a68ec,Sophia Smith,timothymorgan@example.org,Serbia,2025-03-25 08:48:32
f0658fa4-b543-4f93-8ef4-4af4ad23aec9,Alisha Diaz,michaelcardenas@example.com,Honduras,2025-11-16 19:13:04
005249bf-e099-4a0f-99fd-b0d3e3c8731e,Christine Morton,monique26@example.com,Korea,2025-05-27 09:37:33
11a88281-3375-49fd-9a83-28b2ca74794d,Lindsay Ward,fishertimothy@example.net,Zambia,2025-04-27 14:58:37
926d1365-75f2-496d-ae15-c842db5efdbb,Noah West,davisjill@example.org,Morocco,2026-01-21 18:42:10
ff2d883a-b082-457f-a212-feb000eb8a80,Charles Cohen,nchambers@example.com,Jersey,2024-12-30 03:37:25
bc515c63-4035-4ee3-a7cf-10d890e57450,Barry Cooper,regina30@example.com,Puerto Rico,2025-11-21 12:33:10
2ed1951e-62ba-4443-8830-f73494d69960,Martha Robertson,teresawashington@example.org,Dominican Republic,2025-08-25 20:40:07
2d458713-6774-4f77-b648-a4a9a7504450,George Johnston,mwatkins@example.com,Morocco,2025-01-05 08:45:09
0553aa54-df23-4901-a0cc-6acc64db0b34,Claudia Cook,jennifer02@example.net,Peru,2025-09-07 11:50:33
ccadde28-e206-4160-a7e4-ad8b8eafa3a3,James Austin,ryan90@example.com,Togo,2025-12-18 04:19:45
6a968464-e7a6-47e8-8ecb-ffa2249b306d,Ronald Taylor,andrewwood@example.net,Namibia,2025-01-25 15:40:54
243364ca-020b-4526-88ba-1d465a1bb95a,Andrew Jones,justinstevenson@example.net,United States Virgin Islands,2026-01-30 18:21:15
c9296602-307d-41ed-b7df-4b8bd48fe31e,Steven Jones,debbie42@example.com,Senegal,2025-10-05 03:39:55
c401db32-a7ca-441e-a1cc-329e76ac4cbd,Barry Marshall,richard47@example.net,Malaysia,2024-11-15 01:46:47
fc744739-131a-4e76-abb9-503b0081da30,Brianna Lara,vwells@example.net,Argentina,2025-10-24 20:46:57
bb69568f-5905-41d9-aeb7-b3dd452cef42,Russell Ross,manueljames@example.org,Macao,2025-07-10 19:22:00
5983d3d9-0d21-42fb-a70d-f12454fd7ad6,Jennifer Smith,imorton@example.com,Reunion,2025-06-05 12:26:10
a429fe84-a642-45d6-91e8-e31961ffb6d0,Tristan Cantu,luke04@example.com,Sierra Leone,2024-06-02 21:37:46
e5f2a2a0-2309-4cb8-818a-a2d2ece8543b,Derrick Smith,fjohnson@example.net,Puerto Rico,2024-10-09 11:23:35
dea6931e-0aa4-43cf-ba7c-8fe4d5d756c2,Laura Rodriguez,maldonadodaniel@example.net,Palestinian Territory,2025-03-16 14:25:17
bc2b0753-5964-43c2-85e0-707d1e604f03,Robert Benton,steven55@example.com,Argentina,2025-06-27 12:55:22
467fbb97-0a07-4372-a0b9-99b4beeb68c9,Timothy Ferguson,loriestrada@example.net,United States Minor Outlying Islands,2025-07-26 23:31:03
402f680c-b90d-4701-b162-dd74468c81b8,Deborah Wagner,zknight@example.net,American Samoa,2025-11-15 08:24:12
78bbf17c-0214-4591-ad44-cac1a59403fe,Sandra Hicks,kimberlybeasley@example.com,South Africa,2026-01-12 20:21:38
c95ae339-b130-405d-818c-381e0dab60a0,Katie Hutchinson,melanie04@example.org,Azerbaijan,2026-04-14 17:09:20
35a6b47d-af5b-42f2-8323-9bfc2621d2b0,Benjamin Pitts,jennifer45@example.net,Myanmar,2024-09-26 20:56:56
a0e2b105-dabe-4a2a-8f86-27f286d4b678,Jacob Smith,mariahparker@example.org,Palestinian Territory,2024-08-02 12:17:32
94458395-08ae-4573-8005-0b1340cb7b2d,Sheena Moreno,krystal32@example.com,Kenya,2024-09-01 19:34:03
8253eab1-008f-46ec-bd4c-bd62477829ce,Renee Harrison,mcarrillo@example.org,Argentina,2025-02-12 17:09:20
d43f7352-afc2-44f6-90f0-75727f107c08,Christine Harrell,kmelendez@example.org,South Africa,2025-05-01 13:43:45
4c61037b-3f2f-4ea5-9970-1daaedefd608,Christopher Brown,stephensapril@example.net,Swaziland,2025-03-04 00:52:04
6ed17293-a98c-4336-b50a-5f1136485308,Michael Smith,gdaniels@example.net,Tonga,2025-09-11 04:12:23
5c30f474-0547-47c7-af7b-a232bbc7b8b1,Walter Rivera,prattjames@example.net,Togo,2024-06-26 12:12:47
be845aee-63f6-40d3-9348-726b450f5691,Patrick Taylor,davidrodriguez@example.com,Austria,2025-01-01 19:27:53
73c64421-9c25-4c65-8f76-3280c6da0f6c,Jennifer Snow,raymondbrooks@example.org,Switzerland,2025-06-26 00:28:15
0a04a3d7-ffe1-4aa3-bd8c-4be381ff09b0,Joe Andrews,hamiltonmelanie@example.net,Iran,2024-06-15 09:14:45
b453d917-eaf9-4c0e-9e61-5b5ce303d260,Joshua Salinas MD,monica64@example.net,Heard Island and McDonald Islands,2024-08-19 03:27:09
264f2dfa-5cda-4585-b6c0-f664ebb6a279,Timothy Davis,terrywilliam@example.org,Germany,2025-10-25 10:02:17
79e64ff5-3867-4ae5-b68b-f9cd9e08a432,Stacy Campbell,jacksonlauren@example.com,Saint Lucia,2024-11-15 22:31:09
93b55dc0-3122-4cb3-b269-b049312b7b72,Adam Martinez,mercadochristopher@example.com,Saint Barthelemy,2024-09-17 12:08:13
656bf117-3567-454c-b1f7-040e09846dfe,Michael Smith,mary18@example.com,Australia,2025-11-01 05:32:19
f0af03b8-993e-4f69-908b-d1a8712ff8b5,Bianca Ellis,troy@example.org,Equatorial Guinea,2025-04-21 03:41:22
40b12d32-e778-4fa9-a56a-0e45504d184c,Ronald Allen,alex79@example.org,Mauritius,2025-02-20 12:51:35
a1d4b4fd-b6a8-4290-bd38-cfa5c345c88e,Michael Pittman,douglas40@example.net,Christmas Island,2024-07-06 15:17:46
1faccb78-9504-47e1-88e2-f04e6027657c,Andrea Johnson,jamesnguyen@example.com,Bahamas,2025-04-26 15:09:58
f9467bbc-c804-4b82-abd0-11802028967e,Lisa Richardson,aburns@example.org,French Southern Territories,2025-01-31 14:10:19
4d915a37-93e5-4924-a1b0-b8478d25449a,Joe Stone,nelsonmelissa@example.org,Kyrgyz Republic,2025-01-16 21:03:14
8aa5db9a-7f91-4d98-8bee-c52d681c9f3e,John Hanson,sandra13@example.org,Sudan,2025-03-30 11:31:49
9bac29d0-c520-44b4-88ce-94569a6e2810,Michael Anderson,donald53@example.com,Thailand,2024-12-20 14:21:19
07682371-ca2a-43ba-87d9-4b2759aaad85,Bethany Mccullough,david42@example.net,Venezuela,2024-11-15 18:02:58
3638be48-6c82-4c82-8fd4-600a6297db40,Michael Perry,jbowman@example.net,Brunei Darussalam,2025-07-07 11:30:06
6750f389-3290-413e-854a-82d73262b489,Emily Zimmerman,robinmartin@example.net,Norway,2025-09-25 17:59:40
44a09640-1d6d-4636-b534-fc26a946379a,Scott Nguyen,carl96@example.com,Haiti,2026-02-06 01:31:53
2f5fc778-bb10-4f1e-8e70-54d5efeec311,Michelle Reeves,kimcaitlin@example.net,Saint Barthelemy,2025-08-02 22:26:53
eb003cb5-096c-43df-93a9-0cd6c377bc3f,Blake Davis,ethanryan@example.net,Nauru,2025-03-22 08:09:06
da92b3ef-c72f-4f14-a582-e0f3d482ea9b,Brooke King,amberwoods@example.com,Mali,2024-05-23 00:08:59
b4ea094e-f091-4312-a308-bd525f5a9a8a,Leslie Banks,jared20@example.org,Bhutan,2025-10-09 17:33:03
292e3119-463a-4c6c-88f4-f4d6c0d51ad6,Wanda Nichols,qmassey@example.org,Uruguay,2024-09-04 10:34:35
3c7d8c53-192b-42e5-ad1a-0dfac50a30fb,Shirley Wright,ssanders@example.org,Canada,2025-07-31 16:27:00
f99b7454-ee20-4e7f-ba08-e6e83dc88467,Lawrence Hood,samuel85@example.com,Philippines,2024-05-27 14:45:10
2b6cec0e-f966-406e-ba89-4ad5dd2026be,Ricky Simmons,kristensmith@example.org,Guernsey,2026-03-21 21:16:44
4a99b25d-d55f-4925-98cd-af1ddcc0453a,Andrew Burns,brandymorris@example.com,Jersey,2024-05-22 23:09:14
7e142d14-63be-4271-953b-65cb6a92829e,Casey Lee,normanrebecca@example.org,Cyprus,2025-04-29 15:16:37
84bac132-9187-4e67-a6f8-777360a62aaa,Ms. Rebecca Garza,jessica30@example.com,Seychelles,2025-12-28 01:52:26
ca97e8bc-abac-41e3-920d-b48413e1d2ee,Kathleen Washington,rodriguezchad@example.org,Puerto Rico,2026-05-07 09:54:15
cad76b62-afc2-46ad-a564-40976fd2d24f,Mary Wilson,umartin@example.net,France,2025-05-28 05:03:36
ebc2f98c-8742-4b41-ba2e-86900e54dc96,Belinda Walton,torreszachary@example.net,Senegal,2024-12-27 13:51:31
ebe37325-d594-493e-b198-480239a0257c,Susan Barber,patricia85@example.net,Japan,2026-04-21 07:06:50
69c2ee3f-9021-4f2c-879b-61dbd37709f6,Andrew Jenkins,knightlinda@example.org,Mauritius,2024-06-04 05:13:32
ceeaec07-9ea0-4a15-b53e-d21ff180fbdf,Zachary Howard,chasebrian@example.org,Canada,2024-12-02 03:59:29
923308dc-91d7-45ed-a4a3-baee0cd760fc,Angela Gregory,wendy77@example.com,Saint Lucia,2025-11-25 01:31:17
208f4af4-4b79-4465-85b6-f7f23c30c2f9,Kent Kim,jacquelinemeyer@example.net,Norfolk Island,2025-09-15 15:35:19
b42ce871-4956-49bd-bc46-9129dacce66b,Sandra Chambers,uwaters@example.com,French Polynesia,2025-09-04 14:41:36
960094d2-be31-4323-9ec6-99c60197c2ad,Suzanne Spence,keithreynolds@example.org,Zambia,2025-12-14 05:19:47
deadfebf-448f-4d91-b46a-167227f144c1,John Villa,mckenzieteresa@example.com,Kyrgyz Republic,2024-07-03 09:08:50
fc4b674a-2eaf-4b6b-b150-4146b8e924fd,Cathy Acosta,emily15@example.com,Serbia,2024-11-16 14:36:03
fb944c6d-5550-488f-8fe8-5e7372428ef9,Greg Travis,smithdavid@example.net,Tanzania,2024-09-11 12:23:44
81d50f19-dc33-4597-9deb-ab46bce9efb7,Anita Bryant,joseph77@example.com,Timor-Leste,2025-02-20 20:44:29
353b7f13-faea-4365-b693-2bd47eedd629,Matthew Sandoval,wallmaria@example.org,Togo,2024-05-21 20:53:28
c3601648-1ea6-4bac-bc5e-1d4491f5e123,John Shaw,nancy25@example.net,Niger,2025-05-15 08:27:02
87baf322-7ef3-49e7-9ad7-8413a9152859,Laura Johnson,whitejoshua@example.net,Mali,2025-06-27 15:53:44
cb1f934e-1a51-42f1-ae77-8af98cf9d98c,Preston Lowe,steven79@example.com,Uruguay,2025-03-07 17:20:55
b1f3af2d-3778-426c-8feb-60482796d3d2,Jennifer Petersen,zmartinez@example.net,Mongolia,2024-05-15 18:57:58
82d46c6d-f66a-4aab-8123-173bae71f3c9,Becky Williams,williestout@example.org,Mongolia,2025-04-24 14:51:41
1c63b88b-544c-495f-9687-5eaed57fb7ee,Amy Yu,dbrewer@example.com,Cayman Islands,2026-03-17 07:19:29
1a8e7c12-5cae-4142-a76d-5b4364366ff6,Margaret Mcdowell,ralph02@example.com,Trinidad and Tobago,2025-03-12 21:13:08
0a9e77b5-2241-4cfb-9c71-30fbb68ab9bc,Laurie Henry,lbutler@example.org,Cook Islands,2025-04-04 15:52:23
21ec9115-2939-4b98-9018-e2b7a9564d78,William Kelley,trichardson@example.net,Iraq,2024-10-21 17:18:04
8327bb8f-98fc-43b9-8703-47875a1f5d8d,Joshua Baker,halechristian@example.com,Belize,2024-05-26 05:24:42
beae6e4c-0c69-4925-a9c1-d779a543c85f,Michael Lawrence,hollyking@example.org,Marshall Islands,2024-06-16 04:47:59
7ed93ba5-e940-48df-b54c-93fc5bf1f80c,Christopher Carpenter,josephsmith@example.org,Cuba,2025-01-16 10:59:03
7fe1fed8-b7de-478e-9446-8f6f07181fe5,Cheyenne Richardson,lisarichard@example.org,Nicaragua,2025-11-05 08:05:01
7f4b6905-50d4-4a65-84f9-097103e3674c,Darrell Adams,daniel72@example.com,Finland,2024-05-25 10:22:43
68141540-ff5f-4590-b094-6a09b3bfc42d,Danny Graham,sandradavis@example.org,Oman,2026-03-22 05:28:02
1f7f96ea-bd09-4b5c-828c-4e7c4951ab06,Linda Clayton,matthew47@example.com,Macao,2025-08-14 22:11:09
c1f698d1-7ae9-4523-801f-a06acbde839a,Steven Johnson,kathyburch@example.net,Botswana,2024-10-03 12:13:19
661a650e-70bb-4e97-8afa-3c4406d01291,Zachary Ramsey,villarrealkathryn@example.net,Malaysia,2025-11-22 16:05:54
b5adf117-0826-44ad-8c4f-afc85c70e6c9,Sonya Noble,vlopez@example.com,Australia,2025-06-05 08:29:37
be5679a4-1422-4f2b-8bd3-b040fb270e5a,Julie Horn,justinjohnson@example.com,Ghana,2026-03-18 20:33:26
91e13292-f25e-41d1-a2ec-2edd79cad1f0,Clinton Russell,patrick23@example.net,Denmark,2025-07-03 20:39:55
27cb15af-5373-4b81-af5d-2082042cd4ab,Stephanie White,kwiggins@example.org,South Africa,2025-09-06 07:33:53
6311e7df-23eb-4019-abd1-38cc08509fcc,Marcus Gallagher,katherine49@example.org,Venezuela,2025-06-30 15:24:02
0840d84b-f5b9-415e-b49a-ab341167e8b6,Hector Thomas,james57@example.net,Uruguay,2025-06-16 04:56:30
fcb720be-cee1-43bc-8509-d50bd4178841,Christopher Donovan,vincentedwards@example.com,Cayman Islands,2026-04-07 00:50:39
fa1f4041-fba4-4fe4-a301-f12354727144,Kimberly Jenkins,autumntucker@example.com,Turkey,2025-09-20 19:01:25
885d5c6d-8aff-4c80-a1db-39411cc0ac21,David Rodriguez,leecharles@example.net,Mexico,2025-11-12 01:07:57
8df161b7-44c3-4f2c-be55-9ce09f3ea1e5,Tiffany Jackson,thomas26@example.com,Slovenia,2024-08-13 15:47:40
1097a6a2-1854-4356-ad57-013c32ee09a1,Holly Mendoza,kimkathryn@example.com,Palestinian Territory,2025-06-25 06:57:28
fdccaa3c-7777-4332-a409-9867f0281e52,Mark Brown,kristin06@example.com,Iran,2025-05-14 18:14:53
b1882af8-10f2-4e0e-a026-00e099d51dc2,Julie Hale,dudleydaniel@example.net,Haiti,2025-04-27 22:48:10
ab35d9c6-32c8-4bbf-be18-25ec66d21112,Paul Bennett,ashleygriffith@example.com,Nigeria,2025-04-21 00:50:48
c31e39b1-71a2-4b69-a4ec-3778005510a0,Mallory Hammond,arnoldcatherine@example.org,Marshall Islands,2024-11-27 12:53:14
32403937-1888-402b-8b4d-00a11492c86e,Hayley Estes,richardtaylor@example.net,Guinea-Bissau,2025-07-11 00:56:40
248a0efb-101a-4acf-8f1d-dc3703896bde,Diana Harris,kshaffer@example.org,Germany,2025-06-10 15:00:32
c54e73d2-4327-45c8-b600-9656ffd2c7c7,Matthew Rogers,michelle48@example.org,Pitcairn Islands,2025-07-07 23:42:25
eec8b15b-b9b9-4076-976f-36ac90c03eef,Crystal Lee,smithamanda@example.org,French Polynesia,2025-07-05 03:49:38
6ce4feb3-824e-4fa6-a112-14f9aad88303,Douglas Pace,iandrews@example.com,Iraq,2026-01-19 07:07:15
27f39912-af67-47f4-a5dc-7f98cd3c911f,Jeff Blake,jessegrimes@example.net,Cayman Islands,2024-08-06 06:39:42
592a3a16-539d-40e5-be87-359c3d728595,Paul Roach,jimenezjanet@example.com,Korea,2025-10-23 22:12:23
7fc235df-6b6e-417b-b416-966fc59a95cc,Erin Anderson,hmartinez@example.org,Mongolia,2025-12-27 13:57:02
80763b99-ccac-4cab-b4ec-cb65655502b2,Dennis Henderson,kayleepatterson@example.com,Aruba,2024-05-29 00:00:45
1423564e-f37d-4125-be95-c0f5b25ccd82,Nicole Park,kidddiana@example.net,Liechtenstein,2024-09-22 12:25:12
a77d9197-c031-47a6-8867-bd9dcd9866b4,Michael Simpson,jessicastokes@example.org,Indonesia,2024-07-24 05:14:51
edb16e8a-594a-404f-9991-b1c2d34aacf9,Andrea Rhodes,denise68@example.org,Bouvet Island (Bouvetoya),2025-08-01 23:48:09
deef0ec5-8ac4-4c7f-8589-22dec5833764,Emily Smith,brandonwoods@example.org,Burundi,2025-12-26 06:23:49
93e33414-2d60-4cf0-a140-9f05d54a4357,Frances Smith,wheelerjohn@example.net,Uzbekistan,2024-11-26 08:20:40
771b0af9-9fd8-4e41-aa72-3edb7fe9c868,Miranda White,matthewmartinez@example.org,Bolivia,2024-05-28 02:14:11
5a3583ef-61b1-4ed6-9ba1-28a067af17f1,Vanessa Santiago,sarahfernandez@example.org,Slovenia,2026-02-24 03:47:04
be3214bc-30e5-448c-98a7-312d530de492,Craig Chang,frederickkaufman@example.org,Tonga,2026-03-25 17:25:37
f0fde875-9115-4a47-9648-5d6395a99dbf,Matthew Davis,emiller@example.com,Burundi,2025-07-14 21:39:39
8b73e3a7-1b0e-43b2-9e56-bc3c40da6a88,Emily Rogers,angelajimenez@example.com,Ukraine,2026-02-09 02:18:54
bd6e6f14-1fff-4e98-b55f-9c2251e1483e,Roger Bennett,thompsonbrian@example.net,Spain,2025-06-22 19:40:13
b8a56172-bc29-49f9-b947-86b804249668,Eduardo Smith,jill54@example.net,Belize,2025-08-18 09:24:49
8cc2269f-bc94-4e87-a4fc-fac50a4cfb31,Corey Allen,castropatricia@example.org,Canada,2024-06-20 04:54:35
b9bdca73-7dd7-4d53-b291-b2a3926d02d3,Kelsey Mendoza,william88@example.net,Reunion,2024-12-17 23:52:50
bb974e88-2ec7-4a3c-9bd4-811b9c7ce953,Alan Mora,hchaney@example.org,Turkmenistan,2026-01-22 18:25:24
fa51861f-c4e8-4e82-8eee-4adc06f94302,Michael Warren,russellclark@example.com,Maldives,2025-01-09 12:45:18
5eded029-47f5-411c-8b06-60405e2bfffd,Alan Horn,michaelbullock@example.com,Germany,2025-04-28 07:06:09
ef773370-ff9a-49d7-bb94-ec78296a3194,Selena Kaufman,kimberly25@example.org,Saint Kitts and Nevis,2024-05-16 11:39:52
2a157333-a0e5-4f3f-9a4f-ebfd9819df19,Eric Hayes,marilyn12@example.org,Cuba,2024-06-02 02:52:15
76c25678-5e2e-4f40-8f81-d19a53afac8a,Amanda Hale,janet75@example.net,British Virgin Islands,2025-07-05 04:35:52
c80a49b6-410b-439d-b6a5-b15b2894ee6d,Andrea Cline,rhondamerritt@example.com,French Guiana,2024-05-26 20:03:35
2006c5b0-2616-4dfc-ab77-8851a132fdde,Maria Rosales,elizabeth61@example.net,El Salvador,2025-09-14 12:02:30
2dad63f8-f9e7-46dc-9d17-59ea216d410c,Anthony Wilson,berrydonna@example.com,Fiji,2025-05-14 23:01:11
1e7e2262-fc64-46eb-ada1-ecce7c040bf6,Nicholas Smith,daniel67@example.net,Fiji,2026-03-04 22:42:15
d6b7bc02-a706-4463-8130-742b4abdb7d6,Kristin Cabrera,yrodriguez@example.org,United Arab Emirates,2025-07-01 16:12:51
6d6cf502-9020-4386-86da-bcc381e55aff,Jordan Jones,marknavarro@example.com,South Africa,2024-09-05 03:53:24
1028218d-b725-4c73-94b4-a0ad1f490f02,William Hartman,bettychoi@example.net,British Virgin Islands,2025-06-28 17:21:12
a26f4d3c-ec99-4869-ad3f-c29728a3c7be,Amber Clark,emcintyre@example.net,Turks and Caicos Islands,2024-11-11 14:46:06
df854b90-928b-421f-bdfa-d533ed46e611,Scott Sanders,samuel60@example.net,Vietnam,2026-01-18 00:19:56
592f3acc-993a-47ac-aa36-3b620983e32b,Bradley Clark,pwilliams@example.com,Belarus,2025-09-23 19:15:57
3b0824eb-a879-48b7-8269-a1dc9b580f66,Jennifer Salinas,whitebrian@example.net,Maldives,2025-04-13 00:14:26
75c83cc6-2776-44f1-801f-8e1504ffa1c7,James Johnson,yshields@example.net,Gibraltar,2025-02-18 03:38:25
422b5d3c-7c2d-4c2f-a8fb-5fc46fbae2a0,Fernando Castillo,tbryant@example.org,Australia,2026-03-08 12:59:11
b02c5209-fd4b-490f-ad7f-726b1294f0c7,Ashley Mathews,lsingleton@example.org,Korea,2025-08-31 11:06:57
b6e9f0ad-b73e-44ae-987b-677621a98359,Debra Reyes,xtravis@example.com,Thailand,2025-08-18 19:15:10
731b09b5-6f93-4c65-83f9-94a73c14370b,Christina Molina,gouldkathryn@example.org,Mozambique,2024-09-13 00:17:36
6be26da9-42ec-40dc-a25d-a9ffd5c48e3f,Terrence Myers,reneeharper@example.com,Yemen,2025-07-18 05:04:48
a433e1c9-64ff-4c8e-b2bd-f83c83d650e9,Melanie Quinn,timothy24@example.com,Saint Barthelemy,2024-09-27 07:18:21
ad9d593c-6d71-4f49-acef-b5abcd995167,Jennifer Weber,yfreeman@example.com,Azerbaijan,2025-10-07 07:09:11
b24c975a-2a7c-4119-a2fa-2db1be7c7f89,Joel Perez,ichung@example.org,Pitcairn Islands,2025-08-11 23:19:18
5d2f57e8-638c-496a-a543-a2b5833681e7,Timothy Fernandez,swansonchad@example.com,Egypt,2024-05-19 03:30:58
c80d6472-d714-40f7-83ae-4080c6b50eb3,Sharon Gross,burnsdanielle@example.org,Slovenia,2025-10-24 00:45:28
502c5aef-88de-4f19-ab7d-5506072f2095,Jordan Porter,ncooper@example.com,Germany,2026-04-10 18:25:40
882d7f88-3a36-4434-a403-947de42fbae6,Kristen Greene,qtorres@example.com,Falkland Islands (Malvinas),2025-06-17 18:02:28
8739d706-021f-4784-857f-9f28878da986,Sarah Serrano,vduran@example.com,Falkland Islands (Malvinas),2025-07-19 08:19:23
2eaabdab-543f-4e28-8021-792492afe92a,David Davis,jrobles@example.com,Saudi Arabia,2025-04-02 18:26:48
6dc64edf-6415-47ca-b6c9-a04c7e0ca91a,Debbie Davis,abrown@example.org,Jordan,2025-06-11 16:23:15
a394fb44-bf4d-4727-827f-af1c0f8f4a03,Aimee Davis,williamrichardson@example.net,Tuvalu,2025-10-25 13:21:59
7e14d1f9-e7f4-45bc-b7d7-68f8de3c1f43,James Horton,william99@example.net,Tonga,2026-02-17 17:14:17
7d280126-7d62-4de5-85ea-3ae130ec805a,Karen Lloyd,erica90@example.org,Sweden,2026-01-05 15:09:44
17a3fa10-1b53-48d2-b640-7ca3e2dc5527,Donna White,reneemoran@example.org,Mozambique,2025-11-14 15:46:07
efa2f459-99ba-4f7e-a751-ad4466c86cc4,Jennifer Mcdonald,sethmartinez@example.net,Brazil,2025-11-01 20:16:38
c909444b-76a1-4949-aaab-226961d4bc76,Jeffrey Ryan,barkerdaniel@example.com,Austria,2024-07-19 09:50:57
a399e853-d529-4ef6-8cc1-759d575af548,Thomas Reed,kcarlson@example.net,Montserrat,2024-05-13 04:33:26
e911b50f-c82d-4763-8f70-b26b99c92f75,Jean Salazar,chris77@example.org,Tonga,2025-05-16 16:14:19
ffa238d1-f35d-45b4-aa80-58fee507c408,Ryan Silva,nolanashley@example.net,Dominica,2025-12-05 05:57:38
4c318da6-f736-4c83-8650-e5bb5e2cd39d,Trevor Murray,jonathonwilson@example.com,China,2025-03-21 07:13:38
a0dfdc90-ee1f-49cf-bc1a-42da160a53ea,Peter Hardy Jr.,moorejohn@example.com,Pakistan,2025-06-20 01:27:01
fd84fce7-a575-49d2-8a4f-01d1cc858e33,Mary Spencer,pstrong@example.com,Samoa,2025-05-09 16:26:13
906b01f3-c10d-4e30-ba08-f9294bd9942b,Charles Fisher,yfields@example.com,Libyan Arab Jamahiriya,2024-12-17 14:27:14
dd02837e-73ee-4b30-86e5-70879f2d419e,Thomas Todd,zmerritt@example.org,Isle of Man,2025-10-06 18:53:03
af1cbe43-f521-4c72-8cc1-03f4ca563142,Jenna Doyle,lopeztoni@example.net,Isle of Man,2025-10-16 07:06:46
96660e62-4ff9-4bd0-bcf0-02db30b60689,Andrew Graves,jevans@example.net,Afghanistan,2025-01-04 20:15:44
d650e50a-3a8e-43b2-909b-34f7898aa2d4,Frank Warner,cynthialyons@example.net,Gabon,2024-09-07 21:03:12
c4fa6943-53fc-4c37-af13-c1360cded640,Jennifer Smith MD,wreese@example.org,Nicaragua,2025-09-23 13:15:10
695192de-bbab-4a68-9442-80661f546317,Megan Reyes,gordonmichael@example.net,Greenland,2025-12-25 20:33:44
d203cd3d-5f8d-4b0a-b057-eb9491b77345,Melanie Horne,robert88@example.org,Puerto Rico,2024-10-04 10:31:46
882c8d1a-53bf-42f0-97af-d4d9da74aeec,Laura Kirby,stevenjohnston@example.com,Niue,2025-01-19 18:03:07
e089fbbd-6fb3-4e8e-8ce2-ec01ddacc77e,Kathy Martinez,cynthiamoore@example.net,Falkland Islands (Malvinas),2025-02-20 06:17:00
74516eb3-aa98-42c8-8fcf-5c387a1f0680,Ryan Brooks,sara02@example.net,Israel,2025-11-10 06:01:16
ad0b158c-ffcd-402c-a818-a919654b006e,Jose Hendricks,cannonmichael@example.com,Saint Pierre and Miquelon,2025-04-13 03:18:54
d1e7fc38-1308-485d-8b57-9a47002f46ca,Lawrence Ball,renee97@example.org,Micronesia,2025-10-17 00:46:20
234bbb2a-f426-40f2-98cd-d93051ebc629,Sergio Gardner,galvarez@example.org,Montserrat,2024-08-27 00:36:18
96c9ccd4-a3f3-4d1b-87d6-4670b41d0c35,Stephen Warren,christopher69@example.org,Saint Pierre and Miquelon,2026-02-10 23:14:07
dd2c3230-7572-4f30-bf75-099c1245c83d,Adrian May,joneselizabeth@example.org,Norway,2025-07-01 17:07:55
4dfa9c81-4aff-44c6-b110-a4da4882329c,Sandra Payne,ramirezmichelle@example.net,Cocos (Keeling) Islands,2025-12-09 01:20:33
5010eede-34cc-4623-87a7-f134316de2c4,Annette Blackwell,amyers@example.org,Slovakia (Slovak Republic),2025-01-29 13:40:17
258d2395-b562-4fd3-9695-2d172083b3e9,Lori Jennings,samueljames@example.net,Yemen,2025-04-14 21:55:23
c54dde75-4307-49dd-ba93-9ec9f56ff74a,Kevin Martin,seanperez@example.com,Russian Federation,2025-12-06 22:15:19
8556c49d-7bf3-4382-b7b9-de113217d84e,Alexander Robinson,castanedadenise@example.net,Trinidad and Tobago,2024-09-13 03:44:16
f35bed39-b476-428d-a6f7-580687bf164c,Alicia Harris,millerdaniel@example.com,Fiji,2025-09-17 13:47:30
2da73f44-67f3-481d-a167-a348ee768171,Kenneth Myers,kmurphy@example.com,Yemen,2025-12-30 09:21:19
f808aaeb-8545-4e66-9f51-8f6024a18ad4,Brett Callahan,zimmermancheryl@example.com,Hong Kong,2026-02-11 01:48:05
874e63ed-13b3-45a3-86f8-9f11837c7d15,Daniel Mitchell,carrolltimothy@example.org,Morocco,2025-03-30 16:13:09
ecbc81d5-fed1-48e0-96de-987772b8a074,Brandi Keller,ikeith@example.net,Moldova,2024-10-02 08:19:55
be45820a-21f7-4887-979a-94fdb80a8ab9,James Patel,jessicacox@example.net,Mongolia,2024-08-20 04:34:42
878ae805-1ab7-4b79-9911-408d229a1999,Jasmine Mcintyre,qtaylor@example.org,Puerto Rico,2026-04-24 23:11:41
53091edc-03a4-43d2-a4d6-eb38b6c810ae,Hannah Diaz,brownamy@example.org,Bhutan,2025-09-11 19:58:20
b810d95f-5399-433f-adb4-89a3118dc457,James Sanchez,brittneylawrence@example.com,Korea,2025-04-30 01:20:47
27c0e2a4-7872-47ce-875c-d6e8441c5c09,Kevin Hart,ricky90@example.com,Eritrea,2025-08-09 00:07:02
f5483ac8-d05f-498a-8cd8-e559a34cefcf,Mary Howard,robert54@example.org,Uganda,2024-05-30 04:35:04
2e984a91-a35c-475c-8429-3ee06a78a6f6,James Martinez,charlesgibson@example.org,Holy See (Vatican City State),2024-07-23 00:34:49
53056f36-e277-4b92-8f49-b9ada7e249d4,Mary Ellis,ajones@example.com,Saint Helena,2026-04-18 14:12:01
e3812d0a-adc8-4b77-af13-2742eace5b38,David Castillo,michael94@example.com,Botswana,2025-12-04 09:13:58
e42b9e4f-3aa8-4161-bfc8-ecbfd43299e1,Rachel Vance,willisandrea@example.com,Djibouti,2025-01-23 00:08:11
